time,open,close,high,low,volume
1388505600000,735.9,735.9,735.9,735.9,0.001
1388505660000,735.9,736.0,736.0,735.9,10.00011011
1388505720000,735.99,735.99,735.99,735.99,0.002
1388505780000,736.0,736.0,736.0,736.0,0.451
1388506020000,735.99,735.99,735.99,735.99,0.001
1388506080000,736.0,736.0,736.0,736.0,0.1
1388506140000,735.97,735.97,735.97,735.97,0.001
1388506200000,733.94,733.94,733.94,733.94,0.008
1388506320000,732.96,732.96,732.96,732.96,0.6395696
1388506740000,735.0,734.0,735.0,734.0,0.66600637
1388507280000,733.08,735.99,735.99,733.08,4.5128035
1388507520000,734.0,734.0,734.0,734.0,0.001
1388507640000,735.97,735.97,735.97,735.97,0.35
1388507820000,732.11,733.11,733.11,732.11,0.021028400000000003
1388507940000,733.47,733.47,733.47,733.47,0.001
1388508060000,736.01,736.0,736.01,733.2201,0.6136593
1388508120000,733.2201,733.2,733.2201,733.2,2.0
1388508180000,733.21,734.8,734.81,733.21,4.0462
1388508300000,734.81,734.81,734.81,734.81,0.09
1388508420000,733.01,733.01,733.01,733.01,0.1029338
1388508480000,734.81,734.8,734.81,734.8,10.0
1388508540000,734.8,734.8,734.81,734.8,36.57321898
1388508660000,735.89,735.99,735.99,735.89,0.7899999999999999
1388508840000,735.99,735.3,735.99,735.3,0.71
1388508900000,735.12,735.12,735.12,735.12,0.1
1388508960000,735.1,735.0101,735.1,735.0101,0.6
1388509080000,735.89511,735.99,735.99,735.89511,37.98660551
1388509440000,735.55,735.55,735.55,735.55,0.1
1388509500000,736.0,736.78,736.78,736.0,1.0700376
1388509620000,735.0301,735.03,736.0,735.03,4.32144976
1388509680000,736.0,735.0201,736.0,735.0201,5.25
1388509740000,735.0301,735.0201,735.0301,735.0201,1.35
1388509920000,735.03,732.87,735.03,732.87,52.2962096
1388509980000,735.0,735.0,735.0,732.87,59.740454330000006
1388510040000,732.87,735.0,735.0,732.87,13.67887569
1388510100000,733.2,733.01,733.2,733.01,0.7
1388510160000,733.01,733.01,733.01,733.01,0.65333054
1388510220000,733.01,733.01,733.01,733.01,2.36879151
1388510280000,733.01,730.63,733.01,730.63,9.12149326
1388510400000,733.0,733.0,733.0,733.0,0.2
1388510640000,733.01,733.01,733.01,733.01,0.1456
1388510820000,733.01,733.01,733.01,733.01,1.34605338
1388510880000,732.01,732.01,732.01,732.01,0.1387616
1388510940000,733.01,733.01,733.01,733.01,0.3
1388511240000,731.54,731.54,731.54,731.54,0.21618502
1388511480000,733.0,733.0,733.0,733.0,3.0
1388511540000,733.0,733.0,733.0,733.0,1.0
1388511600000,731.19,733.2,735.0,731.19,13.259224700000003
1388511660000,733.2,733.0,733.2,733.0,21.0
1388511840000,733.01,733.01,733.01,733.01,0.25864455
1388511900000,733.02,733.02,733.02,733.02,0.19366357
1388512200000,734.97,734.97,734.97,734.97,1.0
1388512260000,734.95,733.0,734.95,733.0,20.0
1388512320000,734.97,734.95,734.97,734.95,0.4
1388512800000,733.0,733.0,733.0,733.0,0.002
1388512860000,733.01,733.01,733.01,733.01,0.80747432
1388513100000,734.88,734.88,734.88,734.88,0.40290170000000003
1388513340000,733.01,733.01,733.01,733.01,0.1
1388513460000,734.819,734.99,734.99,734.819,5.30988366
1388513520000,733.01,735.0,735.0,733.01,10.72693112
1388513880000,733.0,733.0,733.0,733.0,10.0
1388514120000,733.0,733.0,733.0,733.0,0.10600000000000001
1388514360000,733.0,733.0,733.0,733.0,0.012
1388514420000,733.0,733.0,733.0,733.0,0.002
1388514480000,733.0,733.0,733.0,733.0,0.5
1388514660000,733.0,731.33,733.0,731.33,14.9107245
1388514720000,731.33,731.33,731.33,731.33,1.6
1388514960000,730.81,730.8,730.81,730.8,3.8222697
1388515020000,730.1,732.99,732.99,730.01,1.035
1388515260000,733.36,733.35,733.36,733.35,0.2058141
1388515380000,730.11,729.0001,730.11,729.0001,9.113808270000002
1388515800000,733.99,732.0769,733.99,732.0769,2.201
1388515860000,734.0,734.27,734.27,734.0,13.2200347
1388515920000,734.27,734.27,734.27,734.27,1.9975011999999999
1388516040000,732.889,732.889,732.889,732.889,0.1
1388517000000,732.52,732.51,732.52,732.51,0.20898
1388517120000,731.99,731.99,731.99,731.99,0.2
1388517300000,732.53,732.52,732.53,732.52,0.086105
1388517360000,730.0,732.99,732.99,730.0,1.83
1388517420000,732.9899,732.9899,732.9899,732.9899,1.0
1388517540000,732.8688,730.1,733.3333,730.1,6.00856
1388517660000,730.1,729.02,730.1,729.01,15.004
1388517720000,729.02,729.02,729.02,729.02,0.001
1388517780000,729.02,729.02,729.02,729.02,0.001
1388517840000,729.02,729.59,729.59,729.0,106.92
1388518260000,729.0,728.73,729.0,728.73,5.0
1388518320000,728.74,728.74,728.74,728.74,0.01
1388518380000,728.29,728.29,728.29,728.29,0.9892927
1388518440000,728.5,727.5,728.5,727.5,14.497699999999998
1388518500000,727.01,728.0,728.0,727.0,25.810000000000002
1388518560000,728.0,727.99,728.0,727.888888,6.0
1388518620000,727.99,728.0,728.0,727.99,25.852783900000002
1388518680000,728.0,727.99,728.0,727.0,56.0
1388518740000,727.9899,727.0,728.0,727.0,53.162
1388518800000,727.0,728.0,728.0,727.0,2.0509999999999997
1388518860000,728.0,728.0,728.0,728.0,1.54
1388518920000,727.98,727.0101,727.98,727.0101,1.35
1388518980000,727.0,727.98,727.98,727.0,53.686016099999996
1388519100000,727.98,727.98,727.98,727.98,5.2932809
1388519160000,728.1111,728.39,729.888888,728.1111,24.994415
1388519220000,731.9,731.9,731.9,731.9,0.081
1388519400000,732.28,732.3099,732.3099,732.28,0.22
1388519460000,732.33,732.33,732.33,732.33,1.0
1388519520000,732.9699,732.97,732.97,732.9699,13.749125
1388519580000,733.2899,733.45,733.45,733.2899,11.695068169999999
1388519640000,733.599,734.8888,734.8888,733.599,6.71403296
1388519760000,733.47,735.0,735.0,733.47,10.04
1388519820000,735.15,735.15,735.15,735.15,0.1539
1388519880000,732.99,732.99,732.99,732.99,0.001
1388520120000,733.9899,734.0,734.0,733.987,5.5
1388520180000,733.96,733.5,734.0,733.5,20.5
1388520300000,733.5,732.0,733.5,732.0,0.003
1388520540000,733.0,732.99,733.0,732.0,0.101
1388520600000,732.99,732.99,732.99,732.99,0.1
1388520660000,732.0,732.99,732.99,732.0,0.04
1388520720000,731.0,731.0,731.0,731.0,0.001
1388520780000,732.99,732.99,732.99,732.99,1.0
1388521080000,732.99,732.99,732.99,732.99,0.9999
1388521620000,733.96,733.96,733.96,733.96,2.0
1388521680000,733.96,733.96,733.96,733.96,0.2
1388521800000,733.96,732.99,733.96,732.99,1.1
1388522040000,733.96,733.96,733.96,733.96,0.0104806
1388522760000,731.0,731.0,731.0,731.0,0.001
1388522880000,730.0,729.08,730.89,729.08,1.88
1388522940000,729.0401,730.24,730.24,729.0,1.81
1388523420000,732.95,732.95,732.95,732.95,0.38723476
1388523960000,732.0,732.0,732.0,732.0,1.0
1388524560000,732.19,732.19,732.19,732.19,0.0076923
1388524740000,732.0,732.0,732.0,732.0,0.65
1388525040000,731.99,731.99,731.99,731.99,0.70418508
1388525340000,731.99,732.0,732.0,731.99,1.10718419
1388525640000,733.97,733.97,733.97,733.97,0.0070873
1388525700000,732.0,732.0,732.0,732.0,2.0
1388525760000,731.99,731.99,731.99,731.99,0.18863073
1388525880000,730.431,729.59,731.54,728.0,109.80022415
1388525940000,730.31,728.0,730.31,728.0,0.11690389999999999
1388526000000,728.0,728.0,729.76,728.0,7.086174099999999
1388526060000,727.99,727.2201,729.36,727.2201,100.65175595999999
1388526120000,728.0,729.76,729.76,728.0,0.0761649
1388526180000,727.99,728.0,728.0,727.99,111.10000000000001
1388526240000,729.76,730.06,730.06,728.0,3.1661559
1388526300000,728.0,729.76,730.06,728.0,11.5624537
1388526360000,729.0,729.0,729.0,729.0,2.854076
1388526420000,729.76,728.0,729.76,728.0,4.2431569
1388526480000,730.0,728.0,730.0,728.0,20.0985731
1388526540000,728.0,733.94,733.94,728.0,104.25217769999999
1388526600000,727.2301,730.31,733.94,727.2301,3.8180182
1388526720000,732.0,728.94,732.0,727.0,46.79887078000001
1388526780000,728.94,728.94,730.24,728.94,3.3997455000000003
1388526840000,728.94,728.94,729.0,728.94,0.7497738999999999
1388526900000,728.94,728.4,731.9,728.4,4.6603188
1388526960000,728.94,728.4,729.59,728.4,4.2010397
1388527020000,728.4,728.39,728.4,728.39,2.2457781
1388527080000,728.39,728.39,728.39,728.39,27.4583844
1388527140000,728.4,728.0,728.94,728.0,15.606640600000002
1388527200000,729.0,728.0,729.0,727.22,43.949088880000005
1388527260000,728.0,728.02,728.74,728.0,8.2810275
1388527320000,728.02,728.02,728.02,728.02,1.3507595
1388527380000,728.04,728.29,728.29,728.03,1.8749141999999999
1388527440000,728.29,728.04,728.29,728.04,0.3724683
1388527500000,728.29,728.02,728.3,728.02,2.7496554
1388527560000,728.9,728.02,728.9,728.02,9.0756524
1388527620000,728.06,728.07,728.07,728.01,4.9700598
1388527680000,728.07,728.06,728.09,728.03,4.0040816999999995
1388527740000,728.09,728.09,728.09,728.09,0.3066179
1388527800000,726.16,728.0,728.1,726.16,2.2655791
1388527860000,728.0,726.16,728.0,726.16,5.5132325
1388527920000,726.171,726.161,726.171,726.161,10.67
1388528100000,726.16,727.0,728.49,726.0,77.36913084
1388528160000,727.0,727.0,728.09,727.0,3.0323057999999996
1388528220000,727.0,727.0,727.0,727.0,0.5349511
1388528280000,726.0,726.0,726.0,726.0,0.24
1388528340000,726.99,726.99,726.99,726.99,0.0192308
1388528400000,727.0,727.0,727.0,727.0,0.83
1388528460000,727.0,727.0,727.0,727.0,5.3076923
1388528520000,727.0,727.16,727.16,725.1,8.769464909999998
1388528580000,725.03512,725.025123,725.03512,725.025123,1.50965098
1388528640000,725.03512,725.03512,725.03512,725.03512,0.80981376
1388528700000,725.1,725.025123,725.1,725.025123,10.02
1388528760000,725.03,725.0,725.03,725.0,40.3
1388528820000,725.0,726.72,727.04,725.0,1.5
1388528880000,727.03,727.03,727.03,727.03,0.0769231
1388529000000,727.03,728.15,728.15,727.03,0.2644266
1388529060000,728.16,728.445,728.445,727.04,0.194274
1388529120000,728.15,725.001,728.43,725.001,15.0632056
1388529180000,725.011,728.15,728.15,725.0,20.0210685
1388529240000,725.5,725.5,725.5,725.5,1.0
1388529300000,725.04,725.04,725.04,725.04,0.008
1388529360000,725.04,725.04,725.04,725.04,0.002
1388529420000,725.07,725.06,725.07,725.0,28.619999999999997
1388529480000,726.0,725.0,726.0,725.0,6.0
1388529540000,725.0,725.0,725.0,725.0,25.0
1388529600000,728.15,727.03,728.15,726.0,2.841442400000001
1388529660000,727.03,726.8,727.03,726.0,1.0107693
1388529720000,726.81,726.81,726.81,726.81,0.0105787
1388529780000,726.0,725.00011,726.0,725.00011,27.0
1388529840000,726.3,726.1,726.3,726.1,2.01
1388529900000,726.1,726.1,726.1,726.1,22.99
1388529960000,726.5,726.0,729.23,726.0,1.69074195
1388530020000,725.00011,725.0,725.00011,725.0,30.0
1388530080000,726.99,725.0,726.99,725.0,5.0
1388530200000,725.5,725.5,725.5,725.5,1.0
1388530260000,725.01,725.0,725.01,725.0,25.0
1388530320000,725.9999,726.5998,726.5998,725.9999,8.5
1388530380000,727.0,726.65,727.0,726.63,50.0
1388530440000,726.63,726.65,726.65,726.63,35.01
1388530500000,728.15,726.68,728.71,726.68,3.0020163
1388530560000,729.76,729.76,729.76,729.76,0.11825170000000002
1388530620000,728.29,730.0,730.0,727.63,4.0050293
1388530680000,730.0,729.0,730.24,727.51,1.1577107000000002
1388530740000,728.5,729.01,729.01,728.5,19.9047846
1388530800000,728.59,727.59,728.59,727.59,0.0211301
1388530860000,729.6899,729.01,729.6999,729.0,4.0
1388530920000,729.01,729.59,729.61,729.01,6.1303376
1388530980000,730.24,730.24,730.24,730.24,0.0246154
1388531040000,729.76,729.76,729.76,729.76,0.0666637
1388531160000,729.76,729.76,729.76,729.76,0.0666545
1388531220000,728.29,727.95,728.29,727.95,0.21298640000000002
1388531280000,728.29,727.95,729.76,727.95,0.6876633999999999
1388531520000,729.01,729.01,729.01,729.01,1.0
1388531580000,729.01,729.99,729.99,729.01,8.0
1388531640000,729.99,727.51,729.99,726.1,17.429841870000004
1388531700000,729.99,727.69,729.99,725.11,32.5157133
1388531760000,726.0,727.0,727.71,726.0,5.3452527000000005
1388531820000,729.64,729.7798,729.9899,727.69,9.2325589
1388531880000,729.7798,729.79,729.79,729.7599,10.0
1388531940000,727.0,727.0,728.46,727.0,9.549404
1388532000000,727.0,727.0,728.46,727.0,10.0312457
1388532060000,727.0,727.0,727.0,727.0,8.0
1388532120000,727.0,727.7,729.0,727.0,12.5993212
1388532180000,727.0,727.0,727.0,727.0,2.0
1388532240000,727.0,727.75,727.91,727.0,11.337474599999998
1388532300000,727.0,727.64,727.91,726.02,8.209845999999994
1388532360000,727.68,727.64,727.68,726.71,5.4372261
1388532420000,726.71,726.0,726.71,726.0,2.3554654
1388532480000,725.0101,726.71,726.87,725.0,20.480233999999996
1388532540000,726.0,726.0,726.0,726.0,0.9684171
1388532600000,727.0,727.0,727.0,727.0,0.359786
1388532660000,727.0,729.62,729.62,726.99,52.95683427
1388532720000,729.62,729.62,729.62,729.62,0.4
1388532840000,728.08,729.63,729.63,727.35,34.0128355
1388532900000,727.36,727.35,727.36,727.35,10.2636905
1388532960000,727.35,727.35,727.35,727.35,0.3802782
1388533020000,727.35,727.51,727.51,727.35,0.07190550000000001
1388533080000,731.0,731.95,731.95,727.35,17.311202559999998
1388533440000,730.0,730.0,730.0,730.0,0.0115385
1388533560000,729.6069,729.78997,729.78997,729.6068,3.0
1388533620000,730.11,730.11,730.11,730.11,3.8461538
1388533680000,730.11,730.11,730.11,730.11,0.8787
1388533800000,730.11,730.11,730.11,730.11,0.8892358
1388533860000,728.34,728.34,728.34,728.34,0.5
1388534220000,729.9799,729.99,729.99,729.9799,3.0
1388534280000,729.99,729.99,729.99,729.99,8.0
1388534340000,729.99,729.99,731.94,729.99,7.0
1388534520000,730.24,730.24,730.24,730.24,0.0105339
1388534700000,730.51,730.89,730.89,730.24,1.5987921999999999
1388534760000,730.52,730.51,730.52,730.51,0.3906739
1388534880000,731.55,733.0,733.0,730.33,20.65053824
1388535060000,733.71,733.7,733.71,733.7,3.5468693000000004
1388535180000,733.0,733.0,733.0,733.0,4.10912219
1388535300000,733.0,734.5,734.5,733.0,0.6131021999999999
1388535360000,734.0,733.49,734.0,733.49,5.999999999999999
1388535420000,733.0,733.0,733.0,733.0,0.5908778100000001
1388535660000,735.02,735.02,735.02,735.02,0.0769231
1388535840000,732.05,738.0,738.0,732.03,44.159204079999995
1388535960000,733.9,735.72,735.72,733.9,1.2168797
1388536020000,735.3,734.56,735.3,734.15,2.4525047
1388536080000,735.0,735.0,735.0,734.94,10.05
1388536260000,735.0,735.0,735.0,735.0,0.0005598
1388536320000,735.0,735.0,735.0,735.0,11.95
1388536380000,735.0,735.5,735.5,735.0,10.22917573
1388536500000,735.5,735.5,735.5,735.5,0.00082427
1388536620000,736.13,735.6,736.13,734.82,16.0339158
1388536680000,735.5,735.47,735.5,735.47,6.0092308
1388536800000,735.6,735.6,735.6,735.6,1.2605548400000002
1388536860000,735.88,735.95,735.95,735.88,7.26
1388536980000,738.28,736.13,738.29,736.13,1.8101479
1388537040000,735.95,735.95,735.95,735.95,1.11
1388537220000,735.47,735.0,735.47,735.0,0.21
1388537340000,735.5,739.0,740.0,734.51,435.92431519
1388537400000,739.0,739.0,739.0,738.98,8.3971618
1388537460000,739.0,739.18,739.27,736.04,4.8109758000000005
1388537520000,739.17,738.98,740.0,738.0,0.6808738
1388537580000,739.26,739.95,739.95,739.0,8.46903359
1388537640000,740.0,738.98,740.0,738.98,1.7652576
1388537700000,738.98,739.59,739.59,738.98,1.0533637
1388537760000,740.0,740.0,740.0,740.0,1.1
1388537820000,740.0,738.5904,740.0,738.0,8.149285540000001
1388537880000,740.0,739.28,740.0,739.0,8.5420337
1388537940000,739.28,739.28,739.28,739.28,0.15
1388538000000,737.67,740.75,740.75,737.66,3.7094495
1388538060000,740.74,740.74,740.74,740.74,5.0
1388538240000,740.0,740.0,740.0,740.0,2.0
1388538300000,740.0,740.0,740.0,740.0,11.560849900000001
1388538360000,740.0,740.0,740.0,740.0,4.5
1388538420000,740.0,740.2,740.2,740.0,2.13
1388538480000,738.5,738.5,738.5,738.5,0.2892308
1388538600000,737.7,739.9,740.0,737.65,20.1051859
1388538660000,738.7,738.7,738.99,738.7,0.8808547999999999
1388538720000,739.9,740.0,740.0,739.9,10.59
1388538780000,740.0,740.0,740.0,740.0,0.011
1388538840000,740.0,740.0,740.0,737.7,2.0189101
1388538900000,740.0,737.7,740.0,737.7,0.9952792
1388538960000,738.7,737.0,738.7,737.0,8.03302574
1388539020000,737.01,736.41,740.0,736.41,14.308019100000001
1388539080000,736.41,738.7,738.7,736.41,3.8089205
1388539140000,737.65,740.4598,740.4598,737.65,0.01409415
1388539260000,739.99,740.0,740.0,739.99,6.3399956
1388539320000,740.0,739.99,740.0,739.99,2.654
1388539440000,739.9,739.89,740.5,739.89,1.2000000000000002
1388539500000,739.99,739.99,739.99,739.99,6.7130583
1388539740000,738.77,738.77,738.77,738.11,7.207572600000001
1388539800000,738.11,738.11,738.11,738.0,2.4801913
1388539860000,737.7,738.7,738.7,737.7,0.04743940000000001
1388539920000,739.0,737.6801,739.0,737.6801,10.82817758
1388539980000,737.6801,740.0,740.0,737.6701,25.91269359
1388540040000,739.99,739.64,739.99,739.64,0.20819126
1388540160000,740.0,740.0,740.0,740.0,2.3
1388540220000,740.0,740.0,740.0,740.0,3.0
1388540340000,740.0,740.0,740.0,740.0,4.0
1388540520000,740.25,740.25,740.25,740.25,5.64157247
1388540580000,740.25,740.25,740.25,740.25,0.06445110000000001
1388540640000,740.25,740.25,740.25,740.25,2.48
1388540700000,740.49999,740.25,740.49999,740.25,20.437376429999997
1388540820000,740.0,740.0,740.0,740.0,5.3100000000000005
1388540880000,740.0,740.0,740.0,740.0,0.11407961
1388541000000,740.0,740.0,740.0,740.0,5.0
1388541120000,740.49999,740.49999,740.49999,740.49999,0.2
1388541360000,739.99,740.49,740.49,739.99,11.06
1388541420000,740.49999,742.0,742.0,739.62,332.50952236000006
1388541480000,742.0,742.9989,742.9989,741.99,62.0
1388541540000,742.9989,742.9989,742.9989,742.9989,3.72
1388541600000,742.998,742.9989,742.9989,742.998,0.33
1388541660000,742.9989,742.95,743.67,742.11,25.66
1388541720000,744.98,744.98,744.98,744.98,0.1
1388541780000,744.99,744.5,746.6,744.5,11.1
1388541840000,744.5,745.0,746.6,744.5,9.6637969
1388541900000,745.0,745.0,745.0,745.0,0.55
1388541960000,745.0,745.0,745.0,745.0,13.0
1388542020000,747.0,747.68,747.68,743.5,1.5607692000000002
1388542080000,744.6,742.0,744.6,742.0,25.0
1388542260000,744.5,742.0,744.51,742.0,3.25
1388542320000,742.02,742.02,742.02,742.02,1.3
1388542380000,744.68,750.0,750.0,744.68,65.41981622
1388542440000,750.23,751.0,752.0,750.0,12.700000000000001
1388542500000,751.0,750.5,755.0,750.5,10.27052121
1388542560000,750.53,750.0,750.53,750.0,3.95871245
1388542680000,746.73,749.34,750.6,746.73,15.850999999999999
1388542740000,747.04,747.04,747.04,747.04,1.0
1388542800000,747.1919,747.01,747.1919,747.01,0.1
1388542860000,747.05,756.0,756.0,747.05,22.155279150000002
1388542920000,756.0,752.27,756.0,752.26,6.367245799999999
1388542980000,755.0,755.0,756.0,755.0,5.22720466
1388543040000,755.9,757.0,757.0,754.83,5.0
1388543100000,756.94,755.0,757.0,753.41,3.2296923
1388543160000,752.9,752.3,752.9,752.3,1.0
1388543220000,752.99,753.0,753.01,752.99,5.1
1388543280000,752.3,752.3,752.3,751.69864,3.29083786
1388543340000,752.3,752.3,752.3,752.3,0.051000000000000004
1388543400000,752.2,752.2,752.2,752.2,0.05
1388543460000,752.2,752.2,752.2,752.2,0.1
1388543520000,751.79,752.21,752.21,751.0,34.7520367
1388543580000,750.12,752.21,752.21,750.0,37.3
1388543640000,752.21,753.23,754.99,752.21,52.56792284
1388543760000,752.21,752.21,752.21,752.21,10.0
1388543820000,754.0,754.0,754.0,754.0,1.3916391000000001
1388543880000,752.21,752.21,752.21,752.21,7.8701551
1388543940000,752.08,752.0,752.08,752.0,2.1237271
1388544060000,748.3,748.49,749.4,747.2,3.0
1388544120000,748.49,745.56,749.64,745.56,3.8364848
1388544240000,748.0,748.9,748.9,747.39,0.0269
1388544300000,745.59,748.86,748.86,745.59,0.305
1388544540000,748.0,748.88,748.88,748.0,1.0050000000000001
1388544600000,747.9,747.9,747.9,747.9,0.05
1388544660000,748.88,748.88,748.88,748.88,2.20528148
1388544720000,748.85,748.85,748.85,748.85,0.0133
1388544900000,747.91,748.88,748.88,747.91,4.67471852
1388544960000,748.8,748.8,748.8,748.8,0.044
1388545020000,747.9,748.73,749.5,744.94,17.545035699999996
1388545080000,748.49,748.89,748.89,748.49,5.74
1388545200000,746.99,742.2,748.9,742.2,34.26
1388545380000,745.02,748.5,748.5,742.35,1.5
1388545500000,744.07,748.8,748.8,742.35,14.431849170000003
1388545560000,747.18,744.1,748.9,744.1,5.01815083
1388545800000,747.19,747.19,747.19,747.19,1.7261399
1388546040000,747.18,746.19,747.2,746.19,16.1435374
1388546220000,746.19,746.19,746.19,746.19,0.0093001
1388546280000,746.2,746.19,746.2,746.19,1.0
1388546340000,746.19,746.19,746.19,746.19,9.75e-05
1388546400000,748.44,748.45,748.45,748.44,1.5384615
1388546460000,746.99,747.0,747.0,746.99,0.375
1388546580000,746.19,747.19,747.19,746.19,0.21420058000000003
1388546640000,746.94,747.5,747.5,746.94,20.455734
1388546700000,745.0,743.1101,745.0,743.1101,7.836603500000001
1388546760000,743.1201,742.5162,743.1201,742.5162,2.0
1388546880000,742.5262,743.0,743.0,742.5262,0.7850529
1388546940000,743.11,742.23,743.11,742.23,11.270000000000001
1388547060000,742.24,742.24,742.24,742.24,0.07
1388547120000,742.2501,742.2401,742.2501,742.2401,4.0
1388547300000,742.01,742.01,742.01,742.01,1.9122488
1388547360000,742.01,742.01,742.01,742.01,0.1662359
1388547420000,742.2401,742.2401,742.2401,742.2401,0.15279394
1388547480000,742.24,742.24,742.24,742.24,0.05
1388547540000,742.2401,743.0,743.0,742.2401,10.0
1388547840000,743.0,744.5,744.5,743.0,0.5575600599999999
1388547900000,746.24,745.0,746.25,744.99,4.51133996
1388548020000,743.19,743.19,743.19,743.19,1.4139
1388548080000,742.07,742.07,742.07,742.07,0.0278887
1388548140000,743.19,743.19,743.19,743.19,0.1
1388548200000,743.19,743.19,743.19,743.19,0.8
1388548260000,743.19,743.19,743.19,743.19,4.3145665
1388548320000,743.19,743.2,743.3,743.19,1.2780122999999999
1388548380000,743.35,743.35,743.35,743.35,7.0
1388548440000,743.19,743.19,743.19,743.19,0.1
1388548500000,743.19,743.19,743.19,743.19,0.6530399
1388548560000,740.0,740.0,743.1,740.0,2.2563641999999997
1388549280000,747.02,747.02,747.02,747.02,0.36929999999999996
1388549340000,747.03,747.02,747.03,747.02,3.04994
1388549400000,747.0,747.13,747.13,747.0,22.0701347
1388549460000,746.02,743.3601,746.02,743.3601,2.29003477
1388549820000,743.53,743.53,743.53,743.53,0.35
1388550000000,747.02,747.02,747.02,747.02,5.8582881
1388550060000,743.53,746.7586,746.7586,743.36,10.147008320000001
1388550120000,746.9,746.8898,747.0,746.8798,8.015733999999998
1388550180000,746.8798,746.8798,746.8798,746.8798,0.082
1388550240000,746.8798,746.8898,746.8898,746.8798,2.0
1388550300000,746.8898,747.02,747.02,746.8898,18.5
1388550360000,747.02,747.19,748.9,747.0,2.0
1388550420000,747.0,747.19,747.19,747.0,2.0
1388550480000,748.9499,747.19,749.0,747.01,42.0
1388550540000,749.0,749.0,749.56,747.0,28.7330769
1388550600000,749.0,747.0,749.0,747.0,2.2436049999999996
1388550660000,749.0,749.0,749.0,747.0,3.2433745
1388550720000,749.0,749.0,749.0,749.0,2.0
1388550780000,747.2,748.99,749.0,747.2,9.0
1388550840000,747.0,749.0,749.0,747.0,2.0
1388550900000,747.2,749.0,749.0,747.2,3.0
1388550960000,749.0,749.0,749.0,749.0,2.0
1388551020000,749.0,749.0,749.0,749.0,3.0
1388551080000,749.0,749.0,749.0,749.0,2.0
1388551140000,749.0,749.0,749.0,747.0,3.0
1388551200000,749.0,749.0,749.0,747.0,2.1
1388551260000,748.99,743.3601,748.99,743.3601,13.000000000000002
1388551380000,745.76,745.75,745.76,745.75,4.0
1388551440000,745.76,745.75,745.76,745.75,2.0
1388551620000,745.11,745.1,745.11,745.1,1.0
1388551800000,748.49,748.49,748.49,748.49,1.0
1388551860000,748.49,748.9698,748.9698,748.49,5.0
1388552100000,745.1201,745.1101,745.1201,745.1101,2.6
1388552160000,748.7899,746.0,748.98,746.0,5.254400000000001
1388552220000,745.31,745.31,745.31,745.31,1.0
1388552280000,745.31,745.31,745.31,745.31,1.0
1388552340000,745.31,745.31,745.31,745.31,1.7456
1388552520000,748.59,748.6,748.6,748.59,1.0
1388552580000,748.59,748.96,748.96,748.59,5.0
1388552640000,749.0,749.0,749.0,749.0,0.01
1388552760000,749.0,748.95,749.0,748.95,25.30012
1388552880000,748.99,748.98,749.0,748.98,4.0
1388552940000,749.0,749.0,749.0,749.0,2.0
1388553060000,747.0,746.28,747.0,746.28,10.664200000000001
1388553180000,749.96,749.96,749.96,747.0,4.1958
1388553240000,748.93,748.93,748.93,748.93,0.13070534
1388553540000,749.89,749.89,749.89,749.89,2.24141068
1388553600000,748.91,748.95,748.95,748.91,4.2958
1388553660000,749.93,749.93,749.93,749.93,5.3636938
1388553780000,748.89,748.89,748.89,748.89,0.005
1388554020000,748.89,749.0,749.0,748.89,2.5
1388554140000,749.0,748.99,749.0,748.25,2.5137183
1388554740000,748.8,748.25,748.8,748.25,5.4
1388554800000,748.5,748.5,748.5,748.5,5.0
1388554920000,748.25,748.25,748.25,748.25,1.0
1388555040000,748.25,748.96,748.96,748.25,1.6022429999999999
1388555160000,746.46,746.41,746.46,746.41,3.6300000000000003
1388555220000,746.41,746.41,746.41,746.41,0.82
1388555280000,748.96,746.28,748.96,746.28,0.0508237
1388555460000,748.01,748.01,748.01,748.01,1.8780538
1388555520000,747.98,749.7,749.7,747.98,6.289176299999999
1388555580000,748.0,748.0,748.0,747.98,10.0
1388555760000,749.8,749.8,749.8,749.8,0.3685336
1388555880000,749.9,749.9,749.9,749.9,1.4456592
1388555940000,749.9,749.9,749.9,749.9,0.0322054
1388556000000,749.9,748.9,749.9,748.9,1.3310285
1388556120000,749.8,748.01,749.8,748.01,0.7631028
1388556180000,748.01,748.01,748.01,748.01,0.3395923
1388556300000,747.6,747.6,747.6,747.6,0.0072
1388556420000,746.28,746.28,746.28,746.28,7.0
1388556540000,746.28,747.9,747.9,746.28,0.40378513
1388556600000,746.9,746.9,746.9,746.9,0.010299
1388556660000,743.5201,743.5201,743.5201,743.5201,0.01
1388556900000,747.91,747.9,747.91,747.9,0.7195398
1388557200000,744.0,744.0,744.0,744.0,10.0
1388557260000,744.0,744.0,744.0,744.0,0.0301
1388557320000,744.0,744.0,744.0,744.0,1.0
1388557380000,744.0,744.0,744.0,743.4,8.810792380000002
1388557440000,744.0,744.0,744.0,744.0,3.0
1388557500000,744.0,744.0,744.0,744.0,4.0
1388557560000,744.0,744.0,744.0,743.11,2.564
1388557620000,743.11,743.1,743.11,743.1,0.65
1388557680000,743.11,743.11,743.11,743.11,0.65
1388557800000,743.9851,743.9851,743.9851,743.9851,1.0
1388557980000,743.1201,742.54,743.1201,742.54,0.8487991
1388558040000,741.2,742.2,742.2,741.2,11.386281499999999
1388558100000,743.1302,746.8789,746.8789,743.1,6.0
1388558460000,744.69,744.69,744.69,744.69,1.3571101
1388558520000,744.69,744.69,744.69,744.69,0.2478716
1388558580000,746.87,747.598,747.598,746.87,1.0
1388558640000,747.5678,747.5678,747.5678,747.5678,1.0
1388558820000,744.69,744.69,744.69,744.69,0.2458057
1388558880000,744.7,744.7,744.7,744.7,0.0769231
1388558940000,744.69,744.69,744.69,744.69,0.2427085
1388559120000,744.7,744.7,744.7,744.7,0.4637485
1388560080000,747.5895,747.5895,747.5895,747.5895,0.05
1388560320000,745.0201,745.0,745.0201,745.0,3.2399999999999998
1388560560000,747.2899,747.2899,747.2899,747.2899,0.0448
1388560740000,747.7596,749.0,749.0,747.7596,30.0
1388560800000,746.99,745.0101,746.99,745.0101,2.86685796
1388560860000,748.7495,748.7495,748.7495,748.7495,0.5
1388560980000,749.5,749.5,749.5,749.5,155.6622918
1388561040000,749.5,749.5,749.5,749.5,27.867461
1388561220000,749.54,749.54,749.54,749.54,4.58
1388561280000,749.54,749.54,749.54,749.54,1.2719089
1388561340000,749.54,749.54,749.54,749.54,0.009
1388561400000,749.54,749.54,749.54,749.54,0.2268562
1388561640000,745.04,745.04,745.04,745.04,0.1
1388562120000,747.55,747.55,747.55,747.55,0.8638696
1388562180000,747.55,747.55,747.55,747.55,0.0179234
1388562360000,744.73,744.73,744.73,744.73,11.586581
1388563080000,744.7701,744.7701,744.7701,744.7701,0.38134163
1388563260000,746.99,747.0,747.0,746.99,2.0
1388563320000,743.89,744.89,744.89,743.89,0.0206953
1388563440000,745.01,745.0,745.01,745.0,0.9
1388563500000,747.0,747.3,747.3,747.0,2.5
1388563620000,744.87,744.87,744.87,744.87,1.2307692
1388563680000,744.84,744.87,744.87,744.84,0.37169030000000003
1388563800000,744.84,744.84,744.84,744.84,0.0902968
1388563920000,744.0,744.5,744.5,744.0,4.9638591
1388563980000,744.84,744.5,744.84,744.17,0.9598670300000001
1388564040000,744.17,744.17,744.17,744.17,0.0479326
1388564100000,743.84,744.2301,744.2301,743.84,0.2595861
1388564280000,743.83,744.17,744.17,743.83,0.7813706
1388564820000,744.87,744.87,744.87,744.87,0.007
1388565360000,747.52,747.52,747.52,747.52,0.2530481
1388565420000,747.52,750.0,750.0,747.52,15.902218569999999
1388565480000,750.06,748.98,750.06,748.9699,34.7982644
1388565660000,749.5,749.5,749.5,749.5,9.6812248
1388565720000,749.5,749.5,749.5,749.5,2.9803998
1388565780000,749.5,749.5,749.5,749.5,0.4819038
1388566740000,744.84,745.93,745.93,744.84,0.032505900000000004
1388566800000,744.97,744.97,744.97,744.97,0.0384615
1388566860000,744.84,744.84,744.84,744.84,0.0093086
1388566920000,744.97,744.97,744.97,744.97,0.0131753
1388566980000,745.0,745.0,745.0,745.0,0.5065487000000001
1388567100000,744.84,745.0,745.0,744.84,1.9289672
1388567160000,746.85,746.85,746.85,746.85,0.0361538
1388567340000,745.09,746.99,746.99,744.84,6.3577155
1388567400000,745.0,747.0,747.0,745.0,7.1069230999999995
1388567520000,746.18,746.31,746.31,746.18,0.794879
1388567880000,744.84,745.0,745.0,744.84,0.3784615
1388568000000,745.1,745.1,745.1,745.1,0.1215385
1388568420000,744.87,744.87,744.87,744.87,0.018
1388568540000,744.87,744.2101,744.87,744.2101,1.2
1388568720000,746.98,746.98,746.98,746.98,4.0
1388568840000,746.96,746.96,746.96,746.96,0.01
1388568900000,746.96,746.96,746.96,746.96,0.101
1388569020000,744.23,743.0107,744.23,743.0107,7.03052121
1388569140000,745.0,746.96,746.96,745.0,0.28
1388569380000,743.0,743.0,743.0,743.0,1.5870041
1388569440000,742.09,742.51,742.51,742.09,0.10020000000000001
1388569500000,743.51,747.0,747.0,743.51,1.0
1388569560000,744.0,744.0,744.0,744.0,1.8784615
1388569620000,742.51,742.51,742.51,742.51,35.1017959
1388569680000,741.92,742.51,742.51,741.92,10.0
1388569860000,744.0,744.0,744.0,744.0,0.3
1388569920000,742.72,742.66,742.72,742.66,0.7796017
1388570760000,745.0,745.0,745.0,745.0,0.5
1388570880000,744.0,745.0,745.0,744.0,2.010353
1388571000000,742.43,742.43,742.43,742.43,0.010375
1388571060000,744.0501,744.0501,744.0501,744.0501,0.00954034
1388571120000,743.9,743.9,743.9,743.9,1.989647
1388571240000,742.43,742.43,742.43,742.43,0.9905
1388571360000,742.43,742.43,742.43,742.43,5.1299262
1388571420000,742.43,742.43,742.43,742.43,0.4219032
1388571600000,742.43,742.43,742.43,742.43,4.4377956
1388571660000,744.0501,744.0401,744.0501,742.43,8.3
1388571720000,742.43,741.5,742.43,741.5,15.967099999999999
1388571780000,741.5,741.21,744.0,741.1,140.0927244
1388571840000,741.21,741.21,741.21,741.21,8.5598629
1388571900000,741.21,741.21,741.21,741.21,1.9753552
1388572080000,744.01,744.01,744.01,744.01,0.8300000000000001
1388572320000,744.0,743.84,744.0,743.84,0.9548248500000001
1388572380000,743.84,742.2,743.84,742.2,16.2136
1388572560000,742.21,742.0,742.21,742.0,60.585814709999994
1388572620000,742.0,742.0,742.0,742.0,8.16139139
1388572740000,740.79,740.0,740.79,740.0,8.4
1388572800000,740.0,740.0,740.0,738.0,49.27816422
1388572920000,740.0,740.0,740.0,740.0,0.1
1388572980000,739.99,740.0,740.0,739.99,1.2379589
1388573040000,740.0,740.0,740.0,740.0,2.1689406
1388573160000,738.13,740.0,740.0,737.87,13.98369353
1388573220000,737.77,739.8,739.8,737.77,86.02291171
1388573280000,737.0,737.77,737.77,736.0201,34.1814284
1388573340000,737.0,736.0,737.0,736.0,7.693478909999998
1388573400000,736.0,735.11,736.0,735.11,50.0
1388573460000,735.14,735.21,735.21,735.13,1.79694495
1388573520000,735.4,735.16,735.4,735.16,2.1
1388573580000,737.0,737.0,737.0,737.0,0.5
1388573700000,735.16,735.0,735.16,735.0,15.0
1388573760000,735.0,735.01,735.01,735.0,10.339504640000001
1388573820000,737.04,737.04,737.04,737.04,0.0692308
1388573880000,735.11,735.06001,735.11,735.06001,20.0
1388574060000,736.0,737.0,737.0,736.0,8.4024192
1388574120000,737.0,737.0,737.0,737.0,1.32
1388574300000,736.99,736.99998,736.99998,736.0,14.82
1388574360000,736.99998,736.99998,736.99998,736.99998,3.99
1388574540000,737.99,737.99,737.99,737.99,0.25074418
1388574660000,735.5,735.0,735.5,735.0,8.68
1388574780000,739.98,739.98,739.98,739.98,1.06914119
1388575200000,741.45,741.45,741.45,741.45,0.9
1388575260000,740.5,741.44,741.44,740.5,5.96
1388575320000,741.43,741.43,741.43,741.43,0.45
1388575380000,741.43,740.65,741.43,740.65,1.4
1388575500000,741.99,738.79,741.99,738.79,1.1929472
1388575560000,738.49,739.49,739.49,738.13,0.04494
1388575620000,741.99,743.79,743.79,740.49,22.999999999999996
1388575680000,742.0,742.0,742.0,742.0,0.0692308
1388575740000,743.51,743.76,745.0,741.43,3.1367111999999997
1388575800000,743.51,742.09,743.51,742.09,0.157417
1388575860000,742.75,742.75,742.75,742.75,0.0261538
1388575920000,743.51,743.6,743.6,743.51,0.1896073
1388575980000,741.51,741.51,741.51,741.51,0.0103738
1388576040000,740.63,740.5,740.63,740.5,10.0
1388576160000,741.0,741.0,741.0,741.0,0.71392922
1388576220000,739.51,739.51,739.51,739.51,1.0
1388576520000,740.99,743.0,743.0,740.99,4.807014799999999
1388576640000,742.99,743.0,743.0,742.99,3.0
1388576700000,743.0,741.51,743.0,741.51,2.852915
1388576940000,742.51,742.51,742.51,742.51,0.7534698
1388577240000,738.18,736.21,739.0,736.21,23.000000000000004
1388577300000,738.0,738.0,738.0,738.0,3.5944985
1388577360000,738.0,738.0,738.0,738.0,0.8294985
1388577480000,738.0,738.0,738.0,738.0,0.82129802
1388577540000,739.0,739.0,739.0,739.0,0.12891
1388577600000,740.43,740.43,740.43,740.43,0.5
1388577780000,740.43,737.99,740.43,737.99,2.3499999999999996
1388577840000,740.43,740.43,740.43,740.43,0.1285
1388577900000,742.85,740.77,742.85,740.77,0.20627410000000002
1388578080000,740.0,740.0,740.0,740.0,3.0
1388578200000,742.85,742.85,742.85,742.85,0.7511538
1388578260000,742.85,742.85,742.85,740.85,0.7695984
1388578320000,741.85,741.85,741.85,741.85,0.3430991
1388578440000,740.9,740.9,740.9,740.9,3.9085282999999995
1388578500000,741.85,741.85,741.85,741.85,0.5213463
1388578740000,741.85,741.85,741.85,741.85,3.42288438
1388578860000,741.85,741.85,741.85,741.85,0.018
1388579040000,741.84,741.84,741.84,741.84,0.6972
1388579100000,742.85,742.85,742.85,742.85,3.8041213
1388579940000,742.8,742.8,742.8,742.8,0.5152774
1388580000000,742.0,742.8,742.8,742.0,2.137773
1388580060000,742.87,742.87,742.87,742.87,0.01996462
1388580180000,742.97,742.97,742.97,742.97,2.0
1388580240000,743.0,741.9,743.0,741.9,3.6566516
1388580540000,743.0,743.0,743.0,743.0,0.14
1388580900000,742.0,742.0,742.0,742.0,0.01
1388581080000,742.0,742.0,742.0,742.0,0.02
1388581380000,742.4,742.8,742.8,742.4,13.6060055
1388581440000,743.0,743.0,743.0,742.99,16.641250369999998
1388581620000,740.99,740.99,740.99,740.99,0.0013
1388581800000,740.99,742.99,742.99,740.99,0.67406927
1388581920000,740.99,740.99,740.99,740.99,0.3107737
1388582040000,740.99,740.99,740.99,740.99,0.3012735
1388582220000,743.0,745.29,746.13,742.79,70.5341861
1388582280000,745.29,745.0,746.8999,744.17,14.252419740000002
1388582340000,746.9,745.29,749.0,742.0,176.31601074
1388582400000,749.0,748.25,749.01,747.56,38.31565
1388582460000,748.0,748.0,748.19,747.98,89.82667031999999
1388582580000,745.01,746.9,746.9,745.01,1.2361538
1388582640000,745.01,745.0,745.01,745.0,2.4276923
1388582700000,746.9,746.9,746.9,746.9,2.7415504
1388583060000,746.0,746.0,746.0,746.0,5.4517418
1388583120000,746.0,746.0,746.0,746.0,1.2580956
1388583660000,745.0,745.0,745.0,745.0,0.2
1388583720000,742.01,742.0,742.01,742.0,1.0
1388583960000,744.13,744.13,744.13,744.13,1.63
1388584080000,744.1,744.1,744.1,744.1,0.09
1388584860000,744.0,744.0,744.0,744.0,5.54
1388585700000,743.99,743.99,743.99,743.99,0.037
1388585760000,744.0,744.0,744.0,744.0,5.09
1388586000000,743.0,743.0,743.0,743.0,0.0307901
1388586060000,745.0,742.99,745.0,742.99,1.5450092
1388586120000,744.0,745.84,745.84,744.0,6.752916
1388586300000,743.66,745.7,746.43657,743.66,15.0
1388586540000,745.0,745.0,745.0,745.0,6.0
1388586600000,743.66,743.66,743.66,743.66,0.006249
1388586780000,744.0,744.0,744.0,744.0,0.3319428
1388586840000,745.5,748.49,748.49,744.07,25.5
1388586900000,745.98,745.98,745.98,745.98,0.2607
1388587020000,745.0,746.99,746.99,745.0,10.999999999999998
1388587140000,745.0,745.0,745.0,745.0,11.0
1388587260000,743.41,746.99,746.99,743.41,11.0
1388587620000,742.09,742.09,742.09,742.09,1.3617769000000002
1388587680000,742.09,742.09,742.09,742.09,0.2079308
1388587740000,741.75,741.75,742.1601,741.75,3.99126352
1388587800000,741.75,741.75,741.75,741.75,0.269
1388587980000,741.7,741.7,741.7,741.7,0.2430628
1388588040000,741.7,741.7,741.7,741.7,0.47805220000000004
1388588280000,743.5,743.5,743.5,743.5,1.0
1388588460000,744.2,744.2,744.2,744.2,1.0
1388588520000,744.0,744.0,744.0,744.0,0.269
1388588700000,744.0,745.0,745.0,744.0,9.25
1388589180000,742.07,742.07,742.07,742.07,0.17
1388589240000,742.77,742.15,742.77,742.15,0.45247970000000004
1388589300000,742.09,742.09,742.09,742.09,0.0020555
1388589360000,741.94,741.94,741.94,741.94,5.23066159
1388589720000,742.0,742.0,742.0,742.0,0.25
1388589840000,742.09,742.09,742.09,742.09,0.0261538
1388589900000,742.09,742.09,742.09,742.09,0.0251165
1388590080000,742.09,742.09,742.09,742.09,0.3120552
1388590200000,742.09,742.09,742.09,742.09,0.322421
1388590320000,742.0,742.0,742.0,742.0,0.125
1388590500000,744.9999,745.0,745.0,744.9999,5.0
1388591340000,744.84,744.84,744.84,744.84,0.0573387
1388591640000,744.84,744.84,744.84,744.84,0.1926613
1388592180000,743.35,743.35,743.35,743.35,0.12525
1388592240000,742.51,742.51,742.51,742.51,0.4103184
1388592360000,742.51,742.51,742.51,742.51,0.4092743
1388592540000,743.09,743.09,743.09,743.09,0.0103657
1388592960000,742.75,742.75,742.75,742.75,0.082996
1388593020000,742.75,742.75,742.75,742.75,0.0568422
1388593200000,742.49,742.49,742.49,742.49,0.01
1388593560000,744.99,743.35,744.99,742.49,2.65
1388593620000,744.99,744.5,745.0,743.35,6.15
1388593800000,743.01,743.37,743.4,743.01,0.8700000000000001
1388593860000,743.37,743.37,743.37,743.37,0.01
1388594520000,742.4,742.4,742.4,742.4,0.1026205
1388594580000,742.4,742.4,742.4,742.4,0.0103754
1388594700000,744.47,744.47,744.47,744.47,4.0007991
1388594880000,742.58,742.58,742.58,742.58,0.2821107
1388595180000,744.89,744.89,744.89,742.75,1.3442589
1388595240000,744.89,742.75,744.99,742.75,2.0903121000000002
1388595300000,742.75,742.75,742.75,742.75,0.013389
1388595840000,743.0,741.02,743.0,741.02,4.8301625999999995
1388595900000,744.0,743.9999,744.0,743.9899,16.050104400000002
1388595960000,744.9899,744.9899,744.9899,744.9899,0.06
1388596080000,744.0,744.0,744.0,744.0,20.0
1388596200000,744.0,744.0,744.0,744.0,20.0
1388596380000,742.95,742.95,742.95,742.95,0.424284
1388596500000,742.8,742.8,742.8,742.8,0.5
1388597280000,744.9899,744.9899,744.9899,744.9899,0.01
1388597460000,744.9899,744.9899,744.9899,744.9899,0.01
1388597520000,741.37,741.37,741.37,741.37,0.001
1388598060000,744.5,744.5,744.5,744.5,2.5
1388598120000,744.5,744.5,744.5,744.5,7.29000158
1388598720000,746.95,746.95,746.95,746.95,0.0195154
1388599080000,741.45,741.45,741.45,741.45,0.01
1388599200000,742.0201,742.0201,742.0201,742.0201,0.01
1388599380000,746.85,746.85,746.85,746.85,0.1506154
1388599440000,744.99,745.0,746.85,744.99,2.1575907
1388599560000,745.0,745.0,745.0,745.0,0.01
1388599680000,745.0,745.0,745.0,745.0,5.89330564
1388599800000,745.0,745.0,745.0,745.0,8.41168523
1388599860000,746.9,746.9,746.9,746.9,10.0
1388600340000,744.84,744.84,744.84,744.84,0.5
1388600700000,744.3,744.3,744.3,744.3,0.0404341
1388600820000,744.3,744.3,744.3,744.3,0.0744207
1388601900000,745.3,745.3,745.3,745.3,0.1
1388601960000,746.82,744.84,746.82,744.84,0.1236
1388602020000,746.82,746.85,746.85,746.82,0.14
1388602260000,745.0,745.0,745.0,745.0,0.25
1388603400000,744.02,744.02,744.02,744.0,6.012758600000001
1388603460000,744.02,744.02,744.02,744.02,0.31319779999999997
1388603580000,744.02,744.02,744.02,744.02,0.1221559
1388603820000,745.0,746.8,746.8,745.0,0.5
1388604300000,746.8,746.9,746.9,746.8,8.0
1388604360000,746.9,747.97,747.97,746.9,7.668588049999999
1388605080000,746.77,747.89,748.0,746.77,23.5
1388605200000,748.0,748.0,748.0,748.0,0.2
1388605380000,744.73,745.73,745.73,744.73,0.2007692
1388605800000,747.95,748.54836,748.54836,747.95,15.7804846
1388605860000,747.0,747.89,747.89,747.0,11.049999999999999
1388605920000,749.0,749.0,749.0,749.0,0.01
1388605980000,749.0,749.0,749.0,749.0,0.03
1388606400000,747.86,747.86,747.86,747.86,10.01
1388606460000,747.86,747.86,747.86,747.86,0.30290964
1388606640000,747.11,747.11,747.11,745.52,2.0149999999999997
1388606700000,747.11,747.11,747.11,747.11,0.3952934
1388606760000,747.11,745.52,747.11,745.52,1.3339857
1388606820000,747.0,747.0,747.0,747.0,7.6923077
1388606880000,747.0,746.87,747.0,746.87,1.8141396
1388607660000,745.6,748.9599,748.9599,745.02,19.154047679999998
1388607720000,745.03,747.0,747.0,745.02,2.3998720000000002
1388607780000,746.0,746.0,746.0,746.0,6.0477229
1388607960000,746.02,746.02,746.02,746.02,5.4934
1388608980000,748.7,750.0,750.0,748.7,56.10538833
1388609040000,750.0,747.0,750.0,747.0,20.229860000000002
1388609100000,750.0,749.9999,750.0,749.99,25.299470799999998
1388609160000,749.9999,749.9,750.0,749.9,15.70994705
1388609220000,750.0,750.0,750.0,750.0,9.0
1388609280000,750.0,750.0,750.0,750.0,10.0
1388609340000,748.0,748.0,749.27,745.5701,168.72170895
1388609460000,749.53,749.53,749.53,749.53,0.5900000000000001
1388609520000,747.07,748.86,748.86,747.07,1.1316798999999997
1388609580000,746.07,750.7899,750.7899,746.07,6.7064486
1388609640000,749.98,749.99,749.99,749.98,1.12338991
1388609700000,749.0,750.46,750.46,747.01,0.76290964
1388609760000,746.53,747.01,749.0,746.53,2.025
1388609820000,748.0,748.0,750.0,748.0,4.9376923
1388609880000,748.0,747.0,748.01,747.0,15.006326970000002
1388609940000,748.0,748.0,748.0,748.0,13.2079307
1388610000000,748.0,750.0,750.0,748.0,10.5549308
1388610060000,747.01,745.0501,747.01,745.0501,5.5
1388610240000,747.41,745.07,750.5,745.07,103.59694590000001
1388610300000,745.6,745.02,747.0,745.02,20.0
1388610360000,746.09,749.9999,750.0,745.01,47.7841664
1388610420000,749.9999,748.19,749.9999,748.19,2.5261538
1388610480000,750.0,750.0,750.0,750.0,5.0
1388610660000,750.0,750.0,750.0,750.0,1.0
1388610840000,750.0,750.0,750.0,750.0,1.01
1388610960000,747.0,750.0,750.0,747.0,1.1696923
1388611020000,747.0,747.11,747.11,747.0,0.1719253
1388611140000,747.0,747.0,747.0,747.0,0.106307
1388611200000,746.74,746.74,746.74,746.74,1.8417363
1388611260000,747.0,747.0,747.0,747.0,0.15
1388611320000,748.81,747.0,749.22,747.0,9.083404600000001
1388611380000,750.97,750.97,750.97,750.97,0.02
1388611440000,750.99,750.99,750.99,750.99,0.02
1388611560000,748.99,748.99,748.99,748.99,0.1919605
1388611620000,749.11,750.0,751.0,749.11,220.3044419
1388611680000,748.01,750.0,750.0,747.91,101.78019685999999
1388611800000,750.24,750.24,750.24,750.24,0.0843052
1388611860000,753.0,749.05,753.0,748.05,0.3276923
1388611920000,748.05,748.0,748.05,748.0,0.3709794
1388611980000,748.0,748.0,748.0,748.0,0.1269231
1388612460000,752.9699,754.0,754.0,752.9699,21.0
1388612700000,752.87,752.87,752.87,752.87,1.0
1388612760000,752.87,750.0,752.87,750.0,7.0976589
1388612820000,752.87,752.87,752.87,752.87,4.1
1388612940000,752.87,752.87,752.87,752.87,0.1
1388613060000,752.77,752.77,752.77,752.77,0.12260596
1388613120000,752.77,752.77,752.77,752.77,2.12980401
1388613180000,752.77,752.77,752.77,752.77,3.0
1388613240000,752.86,752.87,752.87,752.77,32.40954591
1388613300000,753.0,753.0,753.0,753.0,10.0
1388613420000,752.87,752.87,752.87,752.87,0.38847596
1388613540000,752.87,752.87,752.87,752.87,1.0102173
1388613600000,751.0,751.0,751.0,751.0,2.5
1388613660000,750.49,750.0,750.49,750.0,1.5
1388613720000,750.99,750.0,751.0,750.0,5.63571433
1388613780000,750.0,750.0,750.0,750.0,1.0
1388613840000,751.43,751.43,751.43,751.43,5.0
1388614080000,752.88,752.88,752.88,752.88,0.3
1388614380000,753.49,753.49,753.49,753.49,0.5
1388614440000,750.0,753.55,753.55,750.0,4.7426589
1388614620000,753.55,753.55,753.55,753.55,1.3
1388614740000,752.79,752.98,752.98,752.79,6.0
1388614920000,752.87,752.87,752.87,752.87,0.53
1388615040000,753.48,753.8,753.8,753.48,10.101125730000001
1388615100000,752.0,754.0,754.0,752.0,214.96480000000003
1388615160000,754.0,754.0,754.0,751.0,11.9627
1388615220000,750.0,753.12,753.12,750.0,30.01
1388615340000,751.0,750.0201,751.0,750.0201,0.09999999999999999
1388615520000,751.0,751.0,751.0,751.0,1.0
1388615700000,752.0,753.99,753.99,752.0,1.4000000000000001
1388615760000,754.0,754.0,754.0,754.0,31.0
1388615820000,753.95,754.0,754.0,753.95,20.0
1388615940000,753.998,752.0101,754.0,752.0101,2.08
1388616000000,753.99,754.0,754.0,753.99,1.9600000000000002
1388616060000,754.0,754.0,754.0,754.0,4.64
1388616180000,754.0,754.0,754.0,754.0,0.1
1388616240000,753.8,753.8,753.8,753.8,0.0253
1388616360000,753.8,754.0,754.0,753.8,28.979
1388616480000,754.0,754.0,754.0,754.0,30.0
1388616540000,754.0,754.0,754.0,754.0,36.0
1388616660000,753.0,753.0,753.0,753.0,28.0
1388616720000,754.94,754.0,754.94,754.0,32.0204119
1388616780000,754.0,754.0,754.0,754.0,12.0
1388616840000,754.0,753.95,754.0,753.95,16.0
1388616900000,753.95,754.0,754.0,753.95,5.0
1388616960000,753.9,753.9,753.9,753.9,0.22
1388617080000,753.9,753.01,753.9,753.01,5.1
1388617140000,751.8001,751.8001,751.8001,751.8001,0.4
1388617200000,754.0,754.0,754.0,754.0,0.5528284
1388617260000,754.0,751.78,754.0,751.78,22.770811000000002
1388617320000,751.8,751.8,751.8,751.8,0.00087423
1388617380000,751.8,751.8,751.8,751.8,0.07974423
1388617440000,751.8,751.78,751.8,751.78,2.0
1388617500000,751.78,751.78,751.78,751.78,2.0
1388617560000,752.49,751.1,752.5,751.0,6.0419747
1388617620000,751.78,754.11,754.11,751.78,0.7543656000000001
1388617680000,754.22,754.22,754.22,754.22,5.35
1388617800000,753.0,753.0,753.0,753.0,0.8671716
1388617860000,750.33,750.0,753.0,750.0,2.3126116
1388617920000,750.33,751.01,751.78,750.33,1.1723219
1388617980000,751.01,751.0,751.01,751.0,0.44766120000000004
1388618040000,750.33,750.33,750.33,750.33,0.1566254
1388618160000,751.333333,751.333333,751.333333,751.333333,0.27
1388618280000,751.333333,750.0,751.333333,749.1,50.010296200000006
1388618340000,749.1,750.0,752.88,749.1,4.9272383
1388618400000,750.31,750.31,750.31,750.31,0.82769003
1388618520000,752.5887,752.5887,752.5887,752.5887,0.04
1388618580000,750.31,752.8397,752.8397,750.31,1.45
1388618820000,749.1,749.1,749.1,749.1,0.0004323
1388618940000,753.99,753.99,753.99,753.99,9.8746942
1388619000000,752.9798,753.55,753.55,752.9798,3.0503296000000004
1388619060000,753.55,753.55,753.55,753.55,0.134069
1388619180000,752.99,752.99,752.99,752.99,0.7427632
1388619240000,752.9697,752.98,752.98,752.9697,1.0
1388619300000,752.99,752.99,752.99,752.99,2.29070222
1388619360000,752.99,752.99,752.99,752.99,0.75
1388619480000,752.99,752.99,752.99,752.99,3.299733
1388619540000,753.8799,753.89,753.89,753.8799,12.0
1388619660000,751.11,751.0,751.11,751.0,1.4598283400000003
1388619720000,752.99,752.99,752.99,752.99,0.16547746
1388619840000,753.0,753.0,753.0,753.0,5.4989
1388619900000,753.8699,754.0,754.0,753.8699,1.017
1388619960000,754.0,754.0,754.0,754.0,5.627317
1388620080000,752.99,750.0,752.99,750.0,17.0
1388620260000,753.55,753.55,753.55,753.55,1.1454443
1388620320000,749.5,749.27,749.5,749.0,2.7602939
1388620560000,749.0302,749.0,749.0302,749.0,17.0
1388620620000,750.0,750.0,750.0,750.0,4.0
1388620680000,753.01,753.1095,753.1095,753.01,0.25
1388620740000,754.22,754.22,754.22,754.22,0.0063198
1388620860000,751.88,750.0,751.88,750.0,1.64
1388621100000,752.9296,750.0,752.9296,750.0,17.79071149
1388621460000,752.97,752.97,752.97,752.97,0.47899004
1388621520000,751.18,750.0,751.18,750.0,2.4007206599999997
1388621580000,750.0,750.0,750.0,750.0,0.99665158
1388621640000,750.0,750.0,750.0,750.0,8.274343
1388621700000,750.0,750.0,750.0,750.0,0.2377018
1388621760000,750.99,750.93,750.99,750.93,23.2194674
1388621820000,750.99,750.99,750.99,750.99,6.111722599999999
1388621880000,750.98,750.99,750.99,750.98,1.1111859
1388621940000,750.99,750.02,750.99,750.02,0.9699327
1388622000000,752.97,750.98,752.97,750.98,2.98395836
1388622060000,750.99,750.99,750.99,750.99,0.2491635
1388622120000,751.0,750.0,751.0,750.0,37.235788299999996
1388622180000,750.0,750.0,750.0,750.0,17.787956
1388622240000,750.0,750.0,750.0,749.78,1.7765431
1388622300000,749.31,752.97,752.97,749.3,1.8768775100000001
1388622420000,750.0,750.0,750.0,750.0,42.7727
1388622540000,752.8999,752.9,752.9,752.8999,13.574250000000001
1388622600000,752.8999,752.8999,752.8999,752.8999,1.16825
1388622660000,752.9,749.66,752.9,749.66,0.4223004
1388622720000,751.0,751.0,751.0,751.0,0.0615384
1388622780000,751.0,751.0,751.0,751.0,0.0820512
1388622840000,751.0,750.0,751.0,750.0,0.443802
1388622900000,751.0,751.0,751.0,751.0,0.0615384
1388622960000,749.66,749.66,749.66,749.66,1.5384615
1388623080000,749.3301,752.968,752.968,749.3201,6.02082464
1388623140000,750.0,749.5,750.0,749.5,0.0871044
1388623200000,749.5,750.0,750.0,749.5,0.0044945
1388623260000,750.0,750.0,750.0,750.0,0.0050049
1388623380000,752.0,752.0,752.0,752.0,6.0
1388623440000,751.96,750.0,752.56156,750.0,25.16464672
1388623500000,749.3,752.97,752.97,749.3,1.8691888
1388623680000,750.0,750.0,750.0,750.0,0.005
1388623740000,750.0,749.0,752.97,748.08,3.0880435999999998
1388623800000,748.0,748.0,752.97,748.0,3.3540864
1388623860000,748.08,750.0,750.0,748.08,29.417671
1388623920000,750.0,750.0,750.0,750.0,1.2451543
1388624340000,752.978,753.0,753.0,752.978,3.5344431
1388624520000,750.0,750.0,750.0,750.0,0.0769231
1388624580000,749.1,749.1,749.1,749.1,0.0010769
1388624640000,749.47,752.5,752.5,749.25,3.2127769
1388624700000,749.3,749.3,749.4,749.3,0.006461400000000001
1388624760000,749.3,749.3,749.99,749.3,0.0403178
1388624820000,749.3,749.3,750.0,748.08,0.1788791
1388624880000,749.3,749.3,749.3,749.3,0.010769000000000003
1388624940000,749.3,749.3,749.3,749.3,0.010769000000000003
1388625000000,749.3,749.3,749.3,748.02,0.010839800000000002
1388625060000,749.3,749.3,749.3,749.3,0.010769000000000003
1388625120000,749.3,749.3,750.0,749.3,2.775808300000001
1388625180000,749.3,749.3,749.3,749.1,0.017230400000000003
1388625240000,749.99,749.3,749.99,748.1,5.0301225000000045
1388625300000,749.1,749.3,749.48,749.1,0.2769224999999999
1388625360000,749.25,749.99,749.99,748.14,0.0478561
1388625420000,749.3,750.0,750.0,748.01,9.078523
1388625480000,748.05,750.0,750.0,748.05,0.427654
1388625540000,749.0,749.53,749.53,749.0,0.0886015
1388625660000,750.0,750.0,750.0,750.0,0.02
1388625720000,750.0,749.34,750.0,749.1,0.0333308
1388625840000,749.56,749.56,749.56,749.56,0.0012077
1388625900000,750.0,749.3,750.0,749.1,0.37503279999999994
1388625960000,749.02,749.02,749.02,749.02,0.0010462
1388626080000,749.32,749.32,749.32,749.32,0.0012077
1388626140000,750.0,750.0,750.0,750.0,0.2985866
1388626260000,749.15,749.7,749.7,749.15,0.0022846
1388626320000,749.02,749.1,749.1,749.0,9.0435464
1388626380000,749.2,749.0,749.2,749.0,0.30020189999999997
1388626440000,749.02,750.0,750.0,749.0,1.5805047
1388626500000,749.0,749.0,749.0,749.0,1.2439594
1388626560000,748.1,747.2,750.04,747.2,14.019362899999999
1388626620000,747.3,750.0,750.0,747.3,7.613053700000001
1388626680000,747.2,750.0,750.0,747.2,14.766653699999999
1388626740000,747.2,749.9,750.0,747.2,15.2658846
1388626800000,749.9,749.33,749.95,749.33,6.261523
1388626860000,749.95,749.31,749.95,749.31,5.4861846
1388626920000,749.9,749.9,749.9,747.16,5.4973137
1388626980000,749.9,752.43,752.44,748.51,2.2798856
1388627040000,749.95,749.95,749.95,747.2,4.9722113000000006